,Congruent,Incongruent
count,24.0,24.0
mean,14.051125000000004,22.01591666666667
std,3.559357957645195,4.797057122469138
min,8.63,15.687000000000001
25%,11.89525,18.71675
50%,14.3565,21.0175
75%,16.20075,24.0515
max,22.328000000000003,35.255
